INSERT INTO Users
VALUES (488342906, 'Chad', 'Joyce', 'chadjoyce', '666-486-8580', '@1+Py6$rMI', 'customer');
INSERT INTO Users
VALUES (216924951, 'Elizabeth', 'Hartman', 'elizabethhartman', '288.469.9321x89595', '&6GNm*Fyjs', 'customer');
INSERT INTO Users
VALUES (612070841, 'Melinda', 'Price', 'melindaprice', '(751)388-5865', 'oxrvF99p^7', 'customer');
INSERT INTO Users
VALUES (936902503, 'David', 'Combs', 'davidcombs', '+1-980-010-0028x3261', 'XkBU7Mjd+9', 'customer');
INSERT INTO Users
VALUES (803679632, 'Jeremy', 'Gonzalez', 'jeremygonzalez', '246-883-6227x21321', '7d1aXsA$P)', 'customer');
INSERT INTO Users
VALUES (576469646, 'Russell', 'White', 'russellwhite', '001-515-873-4253x533', 'z8RwWbax&n', 'customer');
INSERT INTO Users
VALUES (146421248, 'Sierra', 'Chavez', 'sierrachavez', '(365)745-2287x549', '%6lTjAvKrY', 'customer');
INSERT INTO Users
VALUES (737395839, 'Lisa', 'Thomas', 'lisathomas', '(180)929-9668x3253', 've3$*8W5m)', 'customer');
INSERT INTO Users
VALUES (257759570, 'Scott', 'Perkins', 'scottperkins', '163-251-8403x68716', '6cbhOhrs%3', 'customer');
INSERT INTO Users
VALUES (357069981, 'Patricia', 'Vance', 'patriciavance', '868.338.6746', 'Em)H*9b3+2', 'customer');
INSERT INTO Users
VALUES (263415146, 'Cassandra', 'Gibbs', 'cassandragibbs', '8620614879', 'iG1XyQoa@N', 'customer');
INSERT INTO Users
VALUES (188892521, 'Mary', 'Lawson', 'marylawson', '+1-858-297-2480', 'ZyA60CFw)+', 'customer');
INSERT INTO Users
VALUES (956390767, 'Victoria', 'Hart', 'victoriahart', '+1-070-571-3299x7781', '20yF2K#y&7', 'customer');
INSERT INTO Users
VALUES (147377367, 'Mary', 'Fletcher', 'maryfletcher', '001-530-649-4509x643', ')MTSUI1x88', 'customer');
INSERT INTO Users
VALUES (743251182, 'Harold', 'Stewart', 'haroldstewart', '(606)975-1108', '#O0FRaNz2p', 'customer');
INSERT INTO Users
VALUES (284212388, 'Bradley', 'Turner', 'bradleyturner', '792.377.1925x1209', '_v2^(6Fzqx', 'customer');
INSERT INTO Users
VALUES (153742231, 'George', 'Schneider', 'georgeschneider', '543-873-6792x1834', 'oAgGc@fo^2', 'customer');
INSERT INTO Users
VALUES (383463970, 'Melissa', 'Bentley', 'melissabentley', '571-020-9078x7629', 'Z(e5HUkSDC', 'customer');
INSERT INTO Users
VALUES (311330272, 'Nathan', 'Smith', 'nathansmith', '001-214-021-8315x337', 'O(@9R$%s+3', 'customer');
INSERT INTO Users
VALUES (571857985, 'Ashley', 'Taylor', 'ashleytaylor', '778.890.8882', 'J8CCV2fs(f', 'customer');
INSERT INTO Users
VALUES (714452951, 'Phillip', 'Thomas', 'phillipthomas', '0343677471', '^_m&TJ2t5G', 'manager');
INSERT INTO Users
VALUES (739815935, 'Nancy', 'Walker', 'nancywalker', '001-611-828-0367x68166', 'c&Q0lPacHh', 'employee');
INSERT INTO Users
VALUES (518018487, 'William', 'Rodriguez', 'williamrodriguez', '976.814.0298', ')7EqJo%O^u', 'employee');
INSERT INTO Users
VALUES (426098635, 'Angie', 'Powers', 'angiepowers', '001-472-452-5318x84664', '+0THVpupqM', 'employee');
INSERT INTO Users
VALUES (249872890, 'Samuel', 'Riley', 'samuelriley', '+1-486-603-0699x28631', '$JCRpoCRf1', 'employee');
INSERT INTO Users
VALUES (744187128, 'Nathan', 'Graves', 'nathangraves', '499-537-3540x0495', '*BJE+ZgU&2', 'manager');
INSERT INTO Users
VALUES (867065896, 'Ryan', 'Yates', 'ryanyates', '738.838.2132x8862', '&r18fPBZp$', 'employee');
INSERT INTO Users
VALUES (273315287, 'Cindy', 'Lopez', 'cindylopez', '001-983-855-2393', '_PJ&2SDfc#', 'employee');
INSERT INTO Users
VALUES (151627477, 'Misty', 'Jones', 'mistyjones', '(283)342-8413', 'oV25JGFwf%', 'employee');
INSERT INTO Users
VALUES (183534839, 'Jacob', 'Gonzales', 'jacobgonzales', '+1-463-604-2648x9356', '*85+Osx4rU', 'employee');
INSERT INTO Users
VALUES (673714674, 'Mark', 'Hill', 'markhill', '045.954.9354', '6rPEo0Ub!R', 'manager');
INSERT INTO Users
VALUES (468410727, 'Collin', 'Estrada', 'collinestrada', '(709)187-7379x334', '@#fHQ$dqd6', 'employee');
INSERT INTO Users
VALUES (676499082, 'William', 'James', 'williamjames', '001-543-869-3548x9693', '95$Nr(Qd+N', 'employee');
INSERT INTO Users
VALUES (376643929, 'Donna', 'Myers', 'donnamyers', '+1-779-706-7426', '!^0Gs+Uv@9', 'employee');
------------------------------------------------------------------------------------------------
INSERT INTO CityPostalCode
VALUES ('Vancouver', 'R2F 5D2');
INSERT INTO CityPostalCode
VALUES ('Vancouver', 'N5I 1F0');
INSERT INTO CityPostalCode
VALUES ('Vancouver', 'X2V 8O6');
INSERT INTO CityPostalCode
VALUES ('Toronto', 'H1O 6A6');
INSERT INTO CityPostalCode
VALUES ('Montreal', 'O8C 3X5');
INSERT INTO CityPostalCode
VALUES ('Vancouver', 'H6B 1M1');
INSERT INTO CityPostalCode
VALUES ('Vancouver', 'K6L 4P4');
INSERT INTO CityPostalCode
VALUES ('Vancouver', 'D3Q 0Y5');
INSERT INTO CityPostalCode
VALUES ('Montreal', 'L8I 9E9');
INSERT INTO CityPostalCode
VALUES ('Toronto', 'D7Z 7X0');
INSERT INTO CityPostalCode
VALUES ('Toronto', 'Z8V 0C0');
INSERT INTO CityPostalCode
VALUES ('Toronto', 'X2U 3T2');
INSERT INTO CityPostalCode
VALUES ('Toronto', 'X5U 8D2');
INSERT INTO CityPostalCode
VALUES ('Toronto', 'Q7K 6H6');
INSERT INTO CityPostalCode
VALUES ('Vancouver', 'V7C 2Z1');
INSERT INTO CityPostalCode
VALUES ('Toronto', 'T9X 7A3');
INSERT INTO CityPostalCode
VALUES ('Montreal', 'A6T 6L6');
INSERT INTO CityPostalCode
VALUES ('Montreal', 'G4H 1W5');
INSERT INTO CityPostalCode
VALUES ('Toronto', 'M2Q 7T5');
INSERT INTO CityPostalCode
VALUES ('Montreal', 'G0J 0K2');
INSERT INTO CityPostalCode
VALUES ('Vancouver', 'E7R 3O4');
INSERT INTO CityPostalCode
VALUES ('Montreal', 'V6B 9K7');
INSERT INTO CityPostalCode
VALUES ('Toronto', 'E8L 1X1');
------------------------------------------------------------------------------------------------
INSERT INTO Address
VALUES (659339296, 'Cynthia Harbor Apt. 331', 9271, 'R2F 5D2');
INSERT INTO Address
VALUES (503100543, 'Michael Canyon', 3987, 'N5I 1F0');
INSERT INTO Address
VALUES (606314674, 'Moore', 5869, 'X2V 8O6');
INSERT INTO Address
VALUES (849896598, 'Melvin Fields', 8339, 'H1O 6A6');
INSERT INTO Address
VALUES (213333093, 'Cook Coves', 9124, 'O8C 3X5');
INSERT INTO Address
VALUES (238848506, 'Stephanie Viaduct', 6864, 'H6B 1M1');
INSERT INTO Address
VALUES (174217673, 'Gomez', 1531, 'K6L 4P4');
INSERT INTO Address
VALUES (794691737, 'Brooks Ridges', 9718, 'D3Q 0Y5');
INSERT INTO Address
VALUES (454835346, 'Martin', 4589, 'L8I 9E9');
INSERT INTO Address
VALUES (943793036, 'Timothy Village Apt. 274', 5695, 'D7Z 7X0');
INSERT INTO Address
VALUES (831526783, 'Curtis Mills Apt. 533', 2244, 'Z8V 0C0');
INSERT INTO Address
VALUES (205671888, 'Johnson Manors Suite 309', 9034, 'X2U 3T2');
INSERT INTO Address
VALUES (667034901, 'Amber Summit Apt. 138', 2226, 'X5U 8D2');
INSERT INTO Address
VALUES (309005253, 'Harrison Village', 8738, 'Q7K 6H6');
INSERT INTO Address
VALUES (685053727, 'Wright Manor Suite 824', 2079, 'V7C 2Z1');
INSERT INTO Address
VALUES (321045675, 'Mosley Points', 7657, 'T9X 7A3');
INSERT INTO Address
VALUES (156997732, '7940 Box 0506', 7376, 'A6T 6L6');
INSERT INTO Address
VALUES (313736510, 'Bonnie Streets', 7563, 'G4H 1W5');
INSERT INTO Address
VALUES (109381052, 'Mathews Walks', 9515, 'M2Q 7T5');
INSERT INTO Address
VALUES (919857903, 'Hines Rapids', 1395, 'G0J 0K2');
INSERT INTO Address
VALUES (660248949, 'Collins Squares', 9172, 'E7R 3O4');
INSERT INTO Address
VALUES (547077234, 'Krueger Ford', 7934, 'V6B 9K7');
INSERT INTO Address
VALUES (885334777, 'Fritz Circle', 1225, 'E8L 1X1');
------------------------------------------------------------------------------------------------
INSERT INTO Branch
VALUES (455758951, 'Lindsay', 660248949);
INSERT INTO Branch
VALUES (149865852, 'Anthony', 547077234);
INSERT INTO Branch
VALUES (423616818, 'Tammy', 885334777);
------------------------------------------------------------------------------------------------
INSERT INTO EmployeeWorksAtBranch
VALUES (714452951, 455758951);
INSERT INTO EmployeeWorksAtBranch
VALUES (739815935, 455758951);
INSERT INTO EmployeeWorksAtBranch
VALUES (518018487, 455758951);
INSERT INTO EmployeeWorksAtBranch
VALUES (426098635, 455758951);
INSERT INTO EmployeeWorksAtBranch
VALUES (249872890, 455758951);
INSERT INTO EmployeeWorksAtBranch
VALUES (744187128, 149865852);
INSERT INTO EmployeeWorksAtBranch
VALUES (867065896, 149865852);
INSERT INTO EmployeeWorksAtBranch
VALUES (273315287, 149865852);
INSERT INTO EmployeeWorksAtBranch
VALUES (151627477, 149865852);
INSERT INTO EmployeeWorksAtBranch
VALUES (183534839, 149865852);
INSERT INTO EmployeeWorksAtBranch
VALUES (673714674, 423616818);
INSERT INTO EmployeeWorksAtBranch
VALUES (468410727, 423616818);
INSERT INTO EmployeeWorksAtBranch
VALUES (676499082, 423616818);
INSERT INTO EmployeeWorksAtBranch
VALUES (376643929, 423616818);
------------------------------------------------------------------------------------------------
INSERT INTO Customer
VALUES (488342906, 2813, 659339296);
INSERT INTO Customer
VALUES (216924951, 5880, 503100543);
INSERT INTO Customer
VALUES (612070841, 7406, 606314674);
INSERT INTO Customer
VALUES (936902503, 2488, 849896598);
INSERT INTO Customer
VALUES (803679632, 2487, 213333093);
INSERT INTO Customer
VALUES (576469646, 4360, 238848506);
INSERT INTO Customer
VALUES (146421248, 5701, 174217673);
INSERT INTO Customer
VALUES (737395839, 2761, 794691737);
INSERT INTO Customer
VALUES (257759570, 6853, 454835346);
INSERT INTO Customer
VALUES (357069981, 8720, 943793036);
INSERT INTO Customer
VALUES (263415146, 6937, 831526783);
INSERT INTO Customer
VALUES (188892521, 4714, 205671888);
INSERT INTO Customer
VALUES (956390767, 7234, 667034901);
INSERT INTO Customer
VALUES (147377367, 6449, 309005253);
INSERT INTO Customer
VALUES (743251182, 3924, 685053727);
INSERT INTO Customer
VALUES (284212388, 6150, 321045675);
INSERT INTO Customer
VALUES (153742231, 5422, 156997732);
INSERT INTO Customer
VALUES (383463970, 1157, 313736510);
INSERT INTO Customer
VALUES (311330272, 1089, 109381052);
INSERT INTO Customer
VALUES (571857985, 4193, 919857903);
------------------------------------------------------------------------------------------------
INSERT INTO VehicleModelBrand
VALUES ('Corolla', 'Toyota');
INSERT INTO VehicleModelBrand
VALUES ('Supra', 'Toyota');
INSERT INTO VehicleModelBrand
VALUES ('Prius', 'Toyota');
INSERT INTO VehicleModelBrand
VALUES ('Mustang', 'Ford');
INSERT INTO VehicleModelBrand
VALUES ('Chevrolet', 'Ford');
INSERT INTO VehicleModelBrand
VALUES ('Iron 883', 'Harley-Davidson');
INSERT INTO VehicleModelBrand
VALUES ('Road King', 'Harley-Davidson');
------------------------------------------------------------------------------------------------
INSERT INTO Vehicle
VALUES ('OMZ-658', 'Mustang', 'Y', 455758951);
INSERT INTO Vehicle
VALUES ('AVL-428', 'Road King', 'Y', 455758951);
INSERT INTO Vehicle
VALUES ('XCY-236', 'Prius', 'Y', 455758951);
INSERT INTO Vehicle
VALUES ('JEM-230', 'Corolla', 'Y', 455758951);
INSERT INTO Vehicle
VALUES ('ZWW-812', 'Iron 883', 'Y', 149865852);
INSERT INTO Vehicle
VALUES ('AFN-736', 'Iron 883', 'Y', 149865852);
INSERT INTO Vehicle
VALUES ('LWS-281', 'Iron 883', 'Y', 423616818);
INSERT INTO Vehicle
VALUES ('LAC-396', 'Prius', 'Y', 423616818);
INSERT INTO Vehicle
VALUES ('ENR-877', 'Mustang', 'Y', 423616818);
INSERT INTO Vehicle
VALUES ('VQS-604', 'Iron 883', 'Y', 423616818);
------------------------------------------------------------------------------------------------
INSERT INTO Deliverable
VALUES (140869117, 'Positive Pizza', 38.9, 455758951);
INSERT INTO Deliverable
VALUES (494416402, 'Vegetarian', 47.3, 455758951);
INSERT INTO Deliverable
VALUES (866848593, 'Square Pizza', 20.2, 455758951);
INSERT INTO Deliverable
VALUES (366635873, 'Social', 97.3, 455758951);
INSERT INTO Deliverable
VALUES (850473009, 'Quattro Fromaggi', 42.7, 455758951);
INSERT INTO Deliverable
VALUES (471177423, 'Special', 38.4, 455758951);
INSERT INTO Deliverable
VALUES (456904776, 'Dr. Pepper', 28.0, 455758951);
INSERT INTO Deliverable
VALUES (926666139, 'Garlic Bread', 94.4, 455758951);
INSERT INTO Deliverable
VALUES (299811315, 'Pepsi', 66.5, 149865852);
INSERT INTO Deliverable
VALUES (429928678, 'Quattro Fromaggi', 70.0, 149865852);
INSERT INTO Deliverable
VALUES (926494030, 'Vegetarian', 88.0, 149865852);
INSERT INTO Deliverable
VALUES (838494475, 'Meat', 22.9, 149865852);
INSERT INTO Deliverable
VALUES (830306941, 'Deluxe', 51.3, 149865852);
INSERT INTO Deliverable
VALUES (536369189, 'Coke', 25.7, 149865852);
INSERT INTO Deliverable
VALUES (441714307, 'Vegan', 15.6, 149865852);
INSERT INTO Deliverable
VALUES (480116360, 'Dr. Pepper', 28.9, 149865852);
INSERT INTO Deliverable
VALUES (825059126, 'Positive Pizza', 83.0, 149865852);
INSERT INTO Deliverable
VALUES (224247545, 'Special', 46.2, 149865852);
INSERT INTO Deliverable
VALUES (963484131, 'Vegan', 97.7, 423616818);
INSERT INTO Deliverable
VALUES (532878035, 'Pepsi', 4.8, 423616818);
INSERT INTO Deliverable
VALUES (589395859, 'Square Pizza', 78.5, 423616818);
INSERT INTO Deliverable
VALUES (617040579, 'Special', 6.3, 423616818);
INSERT INTO Deliverable
VALUES (715905938, 'Social', 80.0, 423616818);
INSERT INTO Deliverable
VALUES (420205270, 'Dr. Pepper', 86.1, 423616818);
INSERT INTO Deliverable
VALUES (117399631, 'Fanta', 20.2, 423616818);
INSERT INTO Deliverable
VALUES (151592544, 'Deluxe', 97.9, 423616818);
INSERT INTO Deliverable
VALUES (894854957, 'Vegetarian', 62.0, 423616818);
INSERT INTO Deliverable
VALUES (402298941, 'Quattro Fromaggi', 37.5, 423616818);
INSERT INTO Deliverable
VALUES (518245544, 'Meat', 49.8, 423616818);
INSERT INTO Deliverable
VALUES (957756578, 'Positive Pizza', 86.6, 423616818);
INSERT INTO Deliverable
VALUES (892792705, 'Coke', 65.0, 423616818);
INSERT INTO Deliverable
VALUES (864855357, 'Garlic Bread', 62.4, 423616818);
------------------------------------------------------------------------------------------------
INSERT INTO Orders
VALUES (469737220, 956390767, '31-3-2020', 'delivered');
INSERT INTO Orders
VALUES (695312462, 803679632, '6-3-2020', 'delivered');
INSERT INTO Orders
VALUES (828217613, 737395839, '27-3-2020', 'delivered');
INSERT INTO Orders
VALUES (714138139, 803679632, '24-3-2020', 'delivered');
INSERT INTO Orders
VALUES (162315651, 383463970, '20-3-2020', 'delivered');
INSERT INTO Orders
VALUES (524756049, 146421248, '23-3-2020', 'delivered');
INSERT INTO Orders
VALUES (310517257, 488342906, '31-3-2020', 'delivered');
INSERT INTO Orders
VALUES (129594586, 743251182, '22-3-2020', 'delivered');
INSERT INTO Orders
VALUES (516441773, 146421248, '24-3-2020', 'delivered');
INSERT INTO Orders
VALUES (922747101, 576469646, '31-3-2020', 'delivered');
INSERT INTO Orders
VALUES (605438705, 956390767, '30-3-2020', 'delivered');
INSERT INTO Orders
VALUES (391155845, 357069981, '10-3-2020', 'delivered');
INSERT INTO Orders
VALUES (559572312, 803679632, '19-3-2020', 'delivered');
INSERT INTO Orders
VALUES (653807708, 737395839, '30-3-2020', 'delivered');
INSERT INTO Orders
VALUES (475290604, 743251182, '15-3-2020', 'delivered');
INSERT INTO Orders
VALUES (393853946, 153742231, '2-4-2020', 'delivered');
INSERT INTO Orders
VALUES (658813567, 612070841, '16-3-2020', 'delivered');
INSERT INTO Orders
VALUES (286970114, 257759570, '28-3-2020', 'delivered');
INSERT INTO Orders
VALUES (288238845, 737395839, '28-3-2020', 'delivered');
INSERT INTO Orders
VALUES (950506539, 803679632, '15-3-2020', 'delivered');
INSERT INTO Orders
VALUES (352118522, 612070841, '28-3-2020', 'delivered');
INSERT INTO Orders
VALUES (753993846, 257759570, '11-3-2020', 'delivered');
INSERT INTO Orders
VALUES (419542410, 488342906, '25-3-2020', 'delivered');
INSERT INTO Orders
VALUES (399894228, 956390767, '8-3-2020', 'delivered');
INSERT INTO Orders
VALUES (968546407, 383463970, '9-3-2020', 'delivered');
INSERT INTO Orders
VALUES (152238145, 263415146, '18-3-2020', 'delivered');
INSERT INTO Orders
VALUES (184559132, 743251182, '22-3-2020', 'delivered');
INSERT INTO Orders
VALUES (685483321, 146421248, '29-3-2020', 'delivered');
INSERT INTO Orders
VALUES (761859837, 737395839, '17-3-2020', 'delivered');
INSERT INTO Orders
VALUES (262305793, 284212388, '20-3-2020', 'delivered');
------------------------------------------------------------------------------------------------
INSERT INTO OrderContainsDeliverables
VALUES (469737220, 866848593, 1);
INSERT INTO OrderContainsDeliverables
VALUES (469737220, 715905938, 1);
INSERT INTO OrderContainsDeliverables
VALUES (695312462, 471177423, 4);
INSERT INTO OrderContainsDeliverables
VALUES (695312462, 494416402, 1);
INSERT INTO OrderContainsDeliverables
VALUES (828217613, 441714307, 1);
INSERT INTO OrderContainsDeliverables
VALUES (828217613, 830306941, 1);
INSERT INTO OrderContainsDeliverables
VALUES (828217613, 494416402, 2);
INSERT INTO OrderContainsDeliverables
VALUES (714138139, 429928678, 1);
INSERT INTO OrderContainsDeliverables
VALUES (714138139, 536369189, 1);
INSERT INTO OrderContainsDeliverables
VALUES (714138139, 894854957, 1);
INSERT INTO OrderContainsDeliverables
VALUES (714138139, 825059126, 1);
INSERT INTO OrderContainsDeliverables
VALUES (714138139, 441714307, 1);
INSERT INTO OrderContainsDeliverables
VALUES (162315651, 850473009, 1);
INSERT INTO OrderContainsDeliverables
VALUES (162315651, 532878035, 2);
INSERT INTO OrderContainsDeliverables
VALUES (162315651, 864855357, 1);
INSERT INTO OrderContainsDeliverables
VALUES (524756049, 532878035, 1);
INSERT INTO OrderContainsDeliverables
VALUES (524756049, 866848593, 1);
INSERT INTO OrderContainsDeliverables
VALUES (524756049, 589395859, 2);
INSERT INTO OrderContainsDeliverables
VALUES (524756049, 140869117, 1);
INSERT INTO OrderContainsDeliverables
VALUES (310517257, 866848593, 2);
INSERT INTO OrderContainsDeliverables
VALUES (310517257, 838494475, 3);
INSERT INTO OrderContainsDeliverables
VALUES (129594586, 429928678, 1);
INSERT INTO OrderContainsDeliverables
VALUES (129594586, 926666139, 1);
INSERT INTO OrderContainsDeliverables
VALUES (129594586, 532878035, 1);
INSERT INTO OrderContainsDeliverables
VALUES (129594586, 299811315, 1);
INSERT INTO OrderContainsDeliverables
VALUES (129594586, 864855357, 1);
INSERT INTO OrderContainsDeliverables
VALUES (516441773, 494416402, 1);
INSERT INTO OrderContainsDeliverables
VALUES (516441773, 830306941, 2);
INSERT INTO OrderContainsDeliverables
VALUES (516441773, 894854957, 1);
INSERT INTO OrderContainsDeliverables
VALUES (922747101, 957756578, 1);
INSERT INTO OrderContainsDeliverables
VALUES (922747101, 224247545, 1);
INSERT INTO OrderContainsDeliverables
VALUES (922747101, 299811315, 2);
INSERT INTO OrderContainsDeliverables
VALUES (922747101, 532878035, 1);
INSERT INTO OrderContainsDeliverables
VALUES (922747101, 866848593, 2);
INSERT INTO OrderContainsDeliverables
VALUES (605438705, 456904776, 1);
INSERT INTO OrderContainsDeliverables
VALUES (605438705, 894854957, 3);
INSERT INTO OrderContainsDeliverables
VALUES (391155845, 140869117, 1);
INSERT INTO OrderContainsDeliverables
VALUES (391155845, 617040579, 3);
INSERT INTO OrderContainsDeliverables
VALUES (391155845, 825059126, 1);
INSERT INTO OrderContainsDeliverables
VALUES (559572312, 926494030, 4);
INSERT INTO OrderContainsDeliverables
VALUES (559572312, 429928678, 2);
INSERT INTO OrderContainsDeliverables
VALUES (559572312, 420205270, 3);
INSERT INTO OrderContainsDeliverables
VALUES (653807708, 224247545, 2);
INSERT INTO OrderContainsDeliverables
VALUES (653807708, 892792705, 1);
INSERT INTO OrderContainsDeliverables
VALUES (653807708, 866848593, 1);
INSERT INTO OrderContainsDeliverables
VALUES (653807708, 151592544, 4);
INSERT INTO OrderContainsDeliverables
VALUES (475290604, 866848593, 2);
INSERT INTO OrderContainsDeliverables
VALUES (475290604, 420205270, 1);
INSERT INTO OrderContainsDeliverables
VALUES (475290604, 117399631, 2);
INSERT INTO OrderContainsDeliverables
VALUES (475290604, 518245544, 2);
INSERT INTO OrderContainsDeliverables
VALUES (393853946, 963484131, 1);
INSERT INTO OrderContainsDeliverables
VALUES (393853946, 117399631, 1);
INSERT INTO OrderContainsDeliverables
VALUES (393853946, 864855357, 4);
INSERT INTO OrderContainsDeliverables
VALUES (393853946, 441714307, 4);
INSERT INTO OrderContainsDeliverables
VALUES (658813567, 864855357, 1);
INSERT INTO OrderContainsDeliverables
VALUES (658813567, 140869117, 1);
INSERT INTO OrderContainsDeliverables
VALUES (658813567, 494416402, 2);
INSERT INTO OrderContainsDeliverables
VALUES (658813567, 441714307, 2);
INSERT INTO OrderContainsDeliverables
VALUES (286970114, 589395859, 1);
INSERT INTO OrderContainsDeliverables
VALUES (286970114, 838494475, 1);
INSERT INTO OrderContainsDeliverables
VALUES (288238845, 715905938, 1);
INSERT INTO OrderContainsDeliverables
VALUES (288238845, 589395859, 3);
INSERT INTO OrderContainsDeliverables
VALUES (288238845, 299811315, 4);
INSERT INTO OrderContainsDeliverables
VALUES (950506539, 429928678, 2);
INSERT INTO OrderContainsDeliverables
VALUES (950506539, 536369189, 4);
INSERT INTO OrderContainsDeliverables
VALUES (950506539, 151592544, 4);
INSERT INTO OrderContainsDeliverables
VALUES (352118522, 838494475, 2);
INSERT INTO OrderContainsDeliverables
VALUES (352118522, 366635873, 1);
INSERT INTO OrderContainsDeliverables
VALUES (753993846, 963484131, 1);
INSERT INTO OrderContainsDeliverables
VALUES (753993846, 151592544, 1);
INSERT INTO OrderContainsDeliverables
VALUES (753993846, 617040579, 2);
INSERT INTO OrderContainsDeliverables
VALUES (753993846, 480116360, 4);
INSERT INTO OrderContainsDeliverables
VALUES (753993846, 140869117, 4);
INSERT INTO OrderContainsDeliverables
VALUES (419542410, 894854957, 1);
INSERT INTO OrderContainsDeliverables
VALUES (419542410, 441714307, 1);
INSERT INTO OrderContainsDeliverables
VALUES (419542410, 471177423, 4);
INSERT INTO OrderContainsDeliverables
VALUES (419542410, 366635873, 4);
INSERT INTO OrderContainsDeliverables
VALUES (419542410, 532878035, 4);
INSERT INTO OrderContainsDeliverables
VALUES (399894228, 926494030, 2);
INSERT INTO OrderContainsDeliverables
VALUES (399894228, 825059126, 2);
INSERT INTO OrderContainsDeliverables
VALUES (399894228, 926666139, 1);
INSERT INTO OrderContainsDeliverables
VALUES (399894228, 617040579, 2);
INSERT INTO OrderContainsDeliverables
VALUES (399894228, 589395859, 2);
INSERT INTO OrderContainsDeliverables
VALUES (968546407, 866848593, 2);
INSERT INTO OrderContainsDeliverables
VALUES (968546407, 420205270, 1);
INSERT INTO OrderContainsDeliverables
VALUES (968546407, 926494030, 1);
INSERT INTO OrderContainsDeliverables
VALUES (152238145, 518245544, 3);
INSERT INTO OrderContainsDeliverables
VALUES (152238145, 140869117, 2);
INSERT INTO OrderContainsDeliverables
VALUES (152238145, 536369189, 4);
INSERT INTO OrderContainsDeliverables
VALUES (152238145, 830306941, 4);
INSERT INTO OrderContainsDeliverables
VALUES (152238145, 429928678, 1);
INSERT INTO OrderContainsDeliverables
VALUES (184559132, 830306941, 4);
INSERT INTO OrderContainsDeliverables
VALUES (184559132, 617040579, 1);
INSERT INTO OrderContainsDeliverables
VALUES (184559132, 299811315, 1);
INSERT INTO OrderContainsDeliverables
VALUES (184559132, 589395859, 2);
INSERT INTO OrderContainsDeliverables
VALUES (184559132, 894854957, 2);
INSERT INTO OrderContainsDeliverables
VALUES (685483321, 224247545, 4);
INSERT INTO OrderContainsDeliverables
VALUES (685483321, 715905938, 2);
INSERT INTO OrderContainsDeliverables
VALUES (685483321, 480116360, 4);
INSERT INTO OrderContainsDeliverables
VALUES (761859837, 480116360, 2);
INSERT INTO OrderContainsDeliverables
VALUES (761859837, 494416402, 2);
INSERT INTO OrderContainsDeliverables
VALUES (761859837, 532878035, 3);
INSERT INTO OrderContainsDeliverables
VALUES (262305793, 224247545, 1);
INSERT INTO OrderContainsDeliverables
VALUES (262305793, 715905938, 4);
------------------------------------------------------------------------------------------------
INSERT INTO DRIVERCARRIESORDER
VALUES ('OMZ-658', 739815935, 469737220);
INSERT INTO DRIVERCARRIESORDER
VALUES ('OMZ-658', 518018487, 695312462);
INSERT INTO DRIVERCARRIESORDER
VALUES ('OMZ-658', 426098635, 828217613);
INSERT INTO DRIVERCARRIESORDER
VALUES ('OMZ-658', 249872890, 524756049);

INSERT INTO DRIVERCARRIESORDER
VALUES ('AFN-736', 867065896, 828217613);
INSERT INTO DRIVERCARRIESORDER
VALUES ('AFN-736', 273315287, 714138139);
INSERT INTO DRIVERCARRIESORDER
VALUES ('AFN-736', 151627477, 310517257);
INSERT INTO DRIVERCARRIESORDER
VALUES ('AFN-736', 183534839, 129594586);

INSERT INTO DRIVERCARRIESORDER
VALUES ('ENR-877', 468410727, 162315651);
INSERT INTO DRIVERCARRIESORDER
VALUES ('ENR-877', 676499082, 524756049);
INSERT INTO DRIVERCARRIESORDER
VALUES ('ENR-877', 376643929, 129594586);




